zomato_url,name,city,Review,,,,,,
https://www.zomato.com/ncr/sainik-food-pandav-nagar-delhi,Sainik Food,Delhi NCR,Good,,,,,,
https://www.zomato.com/mumbai/kunals-creamery-eatery-ambernath-thane,Kunal's Creamery & Eatery,Mumbai,Good,,,,,,
https://www.zomato.com/ncr/brij-palace-restaurant-jasola-new-delhi,Brij Palace Restaurant,Delhi NCR,Good,,,,,,
https://www.zomato.com/ncr/sahib-hotel-paharganj-new-delhi,Sahib Hotel,Delhi NCR,Good,,,,,,
https://www.zomato.com/kolkata/chunkys-shibpur-howrah,Chunky's,Kolkata,Bad,,,,,,
https://www.zomato.com/ncr/the-food-story-sector-17-faridabad,The Food Story,Delhi NCR,Bad,,,,,,
https://www.zomato.com/ncr/manish-indian-chinese-food-corner-mahipalpur-new-delhi,Manish Indian & Chinese Food Corner,Delhi NCR,Bad,,,,,,
https://www.zomato.com/mumbai/applemint-kharghar-navi-mumbai,Applemint,Mumbai,Bad,,,,,,
https://www.zomato.com/ncr/way-to-waffles-1-vaishali-ghaziabad,Way To Waffles,Delhi NCR,Good,,,,,,
https://www.zomato.com/ncr/food-fantasy-mayur-vihar-new-delhi,Food Fantasy,Delhi NCR,Good,,,,,,
https://www.zomato.com/mumbai/curry-and-combos-twist-goregaon-east,Curry And Combos Twist,Mumbai,Good,,,,,,
https://www.zomato.com/ncr/friend-z-cafe-rohini-new-delhi,Friend Z Cafe,Delhi NCR,Good,,,,,,
https://www.zomato.com/kolkata/bunty-fast-food-centre-behala,Bunty Fast Food Centre,Kolkata,Bad,,,,,,
https://www.zomato.com/ncr/nutritious-bites-rohini-new-delhi,Nutritious Bites,Delhi NCR,Bad,,,,,,
https://www.zomato.com/ncr/bombays-royal-china-prashant-vihar-new-delhi,Bombay's Royal China,Delhi NCR,Bad,,,,,,
https://www.zomato.com/kolkata/food-village-baranagar,Food Village,Kolkata,Bad,,,,,,
https://www.zomato.com/ncr/gazzab-family-restaurant-palam-new-delhi,Gazzab Family Restaurant,Delhi NCR,Good,,,,,,
https://www.zomato.com/ncr/the-bunk-house-hauz-khas-village-new-delhi,The Bunk House,Delhi NCR,Good,,,,,,
https://www.zomato.com/ncr/air-an-ivory-region-punjabi-bagh-new-delhi,AIR- An Ivory Region,Delhi NCR,Good,,,,,,
https://www.zomato.com/ncr/pizza-galleria-gaur-city-2-greater-noida,Pizza Galleria,Delhi NCR,Good,,,,,,
https://www.zomato.com/mumbai/brijwasi-sweets-vile-parle-east,Brijwasi Sweets,Mumbai,Bad,,,,,,
https://www.zomato.com/ncr/chakkhna-beyond-peanuts-sector-49-gurgaon,Chakkhna : Beyond Peanuts,Delhi NCR,Bad,,,,,,
https://www.zomato.com/ncr/truffle-tangles-sector-49,Truffle Tangles,Delhi NCR,Bad,,,,,,
https://www.zomato.com/kolkata/pizzaman-1-sector-5-salt-lake,Pizzaman,Kolkata,Bad,,,,,,
https://www.zomato.com/ncr/foodee-hub-uttam-nagar-new-delhi,Foodee Hub,Delhi NCR,Good,,,,,,
https://www.zomato.com/ncr/anand-special-nasta-uttam-nagar-new-delhi,Anand Special Nasta,Delhi NCR,Good,,,,,,
https://www.zomato.com/ncr/taste-of-kerala-sector-81-faridabad,Taste Of Kerala,Delhi NCR,Good,,,,,,
https://www.zomato.com/ncr/pepper-and-salt-gaur-city-2-greater-noida,Pepper And Salt,Delhi NCR,Good,,,,,,
https://www.zomato.com/ncr/capri-chef-cart-vikaspuri-new-delhi,Capri Chef Cart,Delhi NCR,Bad,,,,,,
https://www.zomato.com/ncr/wah-shah-ji-wah-tilak-nagar-new-delhi,Wah Shah Ji Wah,Delhi NCR,Bad,,,,,,
https://www.zomato.com/ncr/food-swag-uttam-nagar-new-delhi,Food Swag,Delhi NCR,Bad,,,,,,
https://www.zomato.com/ncr/pizza-tree-sector-51-noida,Pizza Tree,Delhi NCR,Bad,,,,,,
https://www.zomato.com/mumbai/coffee-house-3-fort,Coffee House,Mumbai,Good,,,,,,
https://www.zomato.com/ncr/black-paper-sector-34-noida,Black Paper,Delhi NCR,Good,,,,,,
https://www.zomato.com/ncr/vivoo-chicken-corner-ballabhgarh-faridabad,Vivoo Chicken Corner,Delhi NCR,Good,,,,,,
https://www.zomato.com/kolkata/the-6-russel-street-chowringhee,The 6 Russel Street,Kolkata,Good,,,,,,
https://www.zomato.com/mumbai/eggomogo-castle-mill-thane-west-thane,EggOMogo,Mumbai,Bad,,,,,,
https://www.zomato.com/kolkata/the-biryani-darbar-new-town,The Biryani Darbar,Kolkata,Bad,,,,,,
https://www.zomato.com/ncr/biryani-kormas-sector-43-faridabad,Biryani & Kormas,Delhi NCR,Bad,,,,,,
https://www.zomato.com/ncr/eat-fit-mg-road-gurgaon,eat.fit,Delhi NCR,Bad,,,,,,
https://www.zomato.com/ncr/aggarwal-cake-village-uttam-nagar-new-delhi,Aggarwal Cake Village,Delhi NCR,Good,,,,,,
https://www.zomato.com/mumbai/kachhomal-sweets-ulhasnagar,Kachhomal Sweets,Mumbai,Good,,,,,,
https://www.zomato.com/ncr/maa-sheetla-sweets-caterers-sector-14-gurgaon,Maa Sheetla Sweets & Caterers,Delhi NCR,Good,,,,,,
https://www.zomato.com/kolkata/crispy-masala-chicken-2-baguihati,Crispy Masala Chicken,Kolkata,Good,,,,,,
https://www.zomato.com/ncr/rehdiwalaa-com-sector-53-gurgaon,Rehdiwalaa.com,Delhi NCR,Bad,,,,,,
https://www.zomato.com/ncr/kings-shawarma-raj-nagar-ghaziabad,King's Shawarma,Delhi NCR,Bad,,,,,,
https://www.zomato.com/ncr/shri-ram-bikaner-sweet-snacks-sector-31-faridabad,Shri Ram Bikaner Sweet & Snacks,Delhi NCR,Bad,,,,,,
https://www.zomato.com/ncr/taj-biryani-center-sector-33-gurgaon,Taj Biryani Center,Delhi NCR,Bad,,,,,,
https://www.zomato.com/ncr/eat-gulp-azadpur-new-delhi,Eat & Gulp,Delhi NCR,Good,,,,,,
https://www.zomato.com/ncr/caesars-kitchen-sector-38-noida,Caesar's Kitchen,Delhi NCR,Good,,,,,,
https://www.zomato.com/ncr/jain-sweets-bakers-mahipalpur-new-delhi,Jain Sweets & Bakers,Delhi NCR,Good,,,,,,
https://www.zomato.com/ncr/punjabi-wok-ashok-vihar-new-delhi,Punjabi Wok,Delhi NCR,Good,,,,,,
https://www.zomato.com/ncr/the-real-heavens-sector-51-noida,The Real Heavens,Delhi NCR,Bad,,,,,,
https://www.zomato.com/mskitchen,M's Kitchen,Mumbai,Bad,,,,,,
https://www.zomato.com/ncr/rubaab-restaurant-gamma-1,Rubaab Restaurant,Delhi NCR,Bad,,,,,,
https://www.zomato.com/kolkata/petuk-food-parlour-elgin,Petuk Food Parlour,Kolkata,Bad,,,,,,
https://www.zomato.com/mumbai/rashmin-the-mithai-shop-malad-east,Rashmin The Mithai Shop,Mumbai,Good,,,,,,
https://www.zomato.com/kolkata/cookie-man-prince-anwar-shah-road,Cookie Man,Kolkata,Good,,,,,,
https://www.zomato.com/mumbai/ayubs-fort,Ayub's,Mumbai,Good,,,,,,
https://www.zomato.com/ncr/welcome-chicken-corner-east-of-kailash-new-delhi,Welcome Chicken Corner,Delhi NCR,Good,,,,,,
https://www.zomato.com/ncr/dominos-pizza-sector-18-noida,Domino's Pizza,Delhi NCR,Bad,,,,,,
https://www.zomato.com/ncr/swad-food-caterers-janakpuri-new-delhi,Swad Food & Caterers,Delhi NCR,Bad,,,,,,
https://www.zomato.com/ncr/jai-shree-ram-sweets-sector-14-gurgaon,Jai Shree Ram Sweets,Delhi NCR,Bad,,,,,,
https://www.zomato.com/kolkata/m-s-binode-behari-nag-ganesh-chandra-dutta-dalhousie-bbd-bagh,M/S Binode Behari Nag Ganesh Chandra Dutta,Kolkata,Bad,,,,,,
https://www.zomato.com/ncr/red-chilli-hub-tughlakabad-new-delhi,Red Chilli Hub,Delhi NCR,Good,,,,,,
https://www.zomato.com/ncr/sonu-shudh-bhojanalya-mayur-vihar-phase-3-new-delhi,Sonu Shudh Bhojanalya,Delhi NCR,Good,,,,,,
https://www.zomato.com/ncr/shree-radhey-shyam-dhaba-mahipalpur-new-delhi,Shree Radhey Shyam Dhaba,Delhi NCR,Good,,,,,,
https://www.zomato.com/ncr/punjabi-factory-rohini-new-delhi,Punjabi Factory,Delhi NCR,Good,,,,,,
https://www.zomato.com/ncr/pizza-terminal-laxmi-nagar-new-delhi,Pizza Terminal,Delhi NCR,Bad,,,,,,
https://www.zomato.com/kolkata/dunlop-hotel-and-restaurant-baranagar,Dunlop Hotel and Restaurant,Kolkata,Bad,,,,,,
https://www.zomato.com/ncr/deseez-sector-39-gurgaon,Deseez,Delhi NCR,Bad,,,,,,
https://www.zomato.com/ncr/chefs-and-cooks-caterers-uttam-nagar-new-delhi,Chefs and Cooks Caterers,Delhi NCR,Bad,,,,,,
https://www.zomato.com/ncr/the-parantha-corner-rohini-new-delhi,The Parantha Corner,Delhi NCR,Good,,,,,,
https://www.zomato.com/ncr/biryani-99-indirapuram-ghaziabad,Biryani 99,Delhi NCR,Good,,,,,,
https://www.zomato.com/ncr/kitchen22-defence-colony-new-delhi,Kitchen22,Delhi NCR,Good,,,,,,
https://www.zomato.com/kolkata/foodie-kestopur,Foodie,Kolkata,Good,,,,,,
https://www.zomato.com/mumbai/tirupati-dosa-centre-7-bungalows,Tirupati Dosa Centre,Mumbai,Bad,,,,,,
https://www.zomato.com/ncr/chinese-express-sector-19-faridabad,Chinese Express,Delhi NCR,Bad,,,,,,
https://www.zomato.com/kolkata/dbrata-biryani-kalyani,D'Brata Biryani,Kolkata,Bad,,,,,,
https://www.zomato.com/mumbai/wheres-my-cone-pali-hill-bandra-west,Where's My Cone?,Mumbai,Bad,,,,,,
https://www.zomato.com/ncr/kadimi-sweets-jangpura-new-delhi,Kadimi Sweets,Delhi NCR,Good,,,,,,
https://www.zomato.com/ncr/bikanervala-sector-29-gurgaon,Bikanervala,Delhi NCR,Good,,,,,,
https://www.zomato.com/ncr/brewtoast-amar-colony-new-delhi,Brewtoast,Delhi NCR,Good,,,,,,
https://www.zomato.com/mumbai/mirwah-restaurant-mahakali,Mirwah Restaurant,Mumbai,Good,,,,,,
https://www.zomato.com/ncr/aydes-kapashera-new-delhi,Ayde's,Delhi NCR,Bad,,,,,,
https://www.zomato.com/ncr/shera-ki-rasoi-mahipalpur-new-delhi,Shera Ki Rasoi,Delhi NCR,Bad,,,,,,
https://www.zomato.com/ncr/cheese-central-sector-132-noida,Cheese Central,Delhi NCR,Bad,,,,,,
https://www.zomato.com/ncr/the-tummy-tickles-subhash-nagar-new-delhi,The Tummy Tickles,Delhi NCR,Bad,,,,,,
https://www.zomato.com/ncr/muradabad-ki-shahi-chicken-biryani-sheikh-sarai-new-delhi,Muradabad Ki Shahi Chicken Biryani,Delhi NCR,Good,,,,,,
https://www.zomato.com/ncr/cafe-l2l-sector-2-noida,Cafe L2L,Delhi NCR,Good,,,,,,
https://www.zomato.com/ncr/sweet-sins-kalkaji-new-delhi,Sweet Sins,Delhi NCR,Good,,,,,,
https://www.zomato.com/kolkata/kwality-park-street-area,Kwality,Kolkata,Good,,,,,,
https://www.zomato.com/mumbai/punjabi-dhaba-chakala,Punjabi Dhaba,Mumbai,Bad,,,,,,
https://www.zomato.com/ncr/andas-funda-lajpat-nagar-4-new-delhi,Anda's Funda,Delhi NCR,Bad,,,,,,
https://www.zomato.com/mumbai/dragon-express-kharghar-navi-mumbai,Dragon Express,Mumbai,Bad,,,,,,
https://www.zomato.com/ncr/essen-foods-sector-59-noida,Essen Foods,Delhi NCR,Bad,,,,,,
https://www.zomato.com/ncr/patiala-food-factory-1-sector-23-dwarka-new-delhi,Patiala Food Factory,Delhi NCR,Good,,,,,,
https://www.zomato.com/ncr/s-v-fast-food-indirapuram-ghaziabad,S V Fast Food,Delhi NCR,Good,,,,,,
https://www.zomato.com/kolkata/royal-inn-hotel-and-restaurant-kalyani,Royal Inn Hotel And Restaurant,Kolkata,Good,,,,,,
https://www.zomato.com/ncr/goms-pizza-amrapali-leisure-valley-greater-noida,Goms Pizza,Delhi NCR,Good,,,,,,
https://www.zomato.com/ncr/atipriyas-kitchen-azadpur-new-delhi,Atipriya's Kitchen,Delhi NCR,Bad,,,,,,
https://www.zomato.com/mumbai/hem-the-cake-shop-kandivali-west,Hem- The Cake Shop,Mumbai,Bad,,,,,,
https://www.zomato.com/kolkata/waah-kachori-2-baguihati,Waah Kachori,Kolkata,Bad,,,,,,
https://www.zomato.com/ncr/arabitia-café-netaji-subhash-place-new-delhi,Arabitia Café,Delhi NCR,Bad,,,,,,
https://www.zomato.com/ncr/bharawaan-di-rasoi-sector-15-faridabad,Bharawaan Di Rasoi,Delhi NCR,Good,,,,,,
https://www.zomato.com/ncr/bahaar-restaurant-mg-road-gurgaon,Bahaar Restaurant,Delhi NCR,Good,,,,,,
https://www.zomato.com/HauzKhasSocial,Hauz Khas Social,Delhi NCR,Good,,,,,,
https://www.zomato.com/ncr/time-out-cafe-indirapuram-ghaziabad,Time Out Cafe,Delhi NCR,Good,,,,,,
https://www.zomato.com/ncr/crazy-bhukkhad-south-city-2-gurgaon,Crazy Bhukkhad,Delhi NCR,Bad,,,,,,
https://www.zomato.com/ncr/south-indian-corner-rohini-new-delhi,South Indian Corner,Delhi NCR,Bad,,,,,,
https://www.zomato.com/ncr/chennai-food-palace-vaishali-ghaziabad,Chennai Food Palace,Delhi NCR,Bad,,,,,,
https://www.zomato.com/mumbai/adarsh-pure-veg-vikhroli,Adarsh Pure Veg,Mumbai,Bad,,,,,,
https://www.zomato.com/ncr/melting-flavours-1-sector-132-noida,Melting Flavours,Delhi NCR,Good,,,,,,
https://www.zomato.com/kolkata/rosenberg-1-ultadanga,Rosenberg,Kolkata,Good,,,,,,
https://www.zomato.com/ncr/cherubs-rajinder-nagar-new-delhi,Cherubs,Delhi NCR,Good,,,,,,
https://www.zomato.com/kolkata/shankar-store-sodepur,Shankar Store,Kolkata,Good,,,,,,
https://www.zomato.com/ncr/bake-bite-khanpur-new-delhi,Bake Bite,Delhi NCR,Bad,,,,,,
https://www.zomato.com/ncr/shiv-shakti-restaurant-mayur-vihar-new-delhi,Shiv Shakti Restaurant,Delhi NCR,Bad,,,,,,
https://www.zomato.com/ncr/tawa-wok-sector-50-gurgaon,Tawa Wok,Delhi NCR,Bad,,,,,,
https://www.zomato.com/mumbai/coneys-pizza-cones-more-borivali-west,Coney's - Pizza Cones & More,Mumbai,Bad,,,,,,
https://www.zomato.com/mumbai/sailors-cafe-cbd-belapur-navi-mumbai,Sailors' Cafe,Mumbai,Good,,,,,,
https://www.zomato.com/ncr/spice-tandoor-alpha-1-greater-noida,Spice & Tandoor,Delhi NCR,Good,,,,,,
https://www.zomato.com/ncr/biryaniya-dlf-phase-4-gurgaon,Biryaniya,Delhi NCR,Good,,,,,,
https://www.zomato.com/ncr/mosaic-express-by-crowne-plaza-rohini-new-delhi,Mosaic Express- By Crowne Plaza,Delhi NCR,Good,,,,,,
https://www.zomato.com/ncr/knight-delight-kafe-2-old-railway-road-gurgaon,Knight Delight Kafe,Delhi NCR,Bad,,,,,,
https://www.zomato.com/kolkata/ridhi-sidhi-1-sector-5-salt-lake,Ridhi Sidhi,Kolkata,Bad,,,,,,
https://www.zomato.com/ncr/kuldeep-food-corner-ashok-vihar-phase-3-new-delhi,Kuldeep Food Corner,Delhi NCR,Bad,,,,,,
https://www.zomato.com/ncr/samla-food-laxmi-nagar-new-delhi,Samla Food,Delhi NCR,Bad,,,,,,
https://www.zomato.com/ncr/fcf-chaap-kababs-subhash-nagar-new-delhi,FCF Chaap & Kabab's,Delhi NCR,Good,,,,,,
https://www.zomato.com/ncr/plum-by-bent-chair-aerocity-new-delhi,Plum By Bent Chair,Delhi NCR,Good,,,,,,
https://www.zomato.com/ncr/kittoos-sector-50-gurgaon,Kittoo's,Delhi NCR,Good,,,,,,
https://www.zomato.com/mumbai/wow-popcorn-carter-road-bandra-west,WOW Popcorn,Mumbai,Good,,,,,,
https://www.zomato.com/ncr/raj-bakers-and-confectioners-tagore-garden-new-delhi,Raj Bakers And Confectioners,Delhi NCR,Bad,,,,,,
https://www.zomato.com/ncr/choutala-food-junction-1-trilokpuri-new-delhi,Choutala Food Junction,Delhi NCR,Bad,,,,,,
https://www.zomato.com/kolkata/ghosh-sweets-kankurgachi,Ghosh Sweets,Kolkata,Bad,,,,,,
https://www.zomato.com/kolkata/hungry-hippo-lake-town,Hungry Hippo,Kolkata,Bad,,,,,,
https://www.zomato.com/ncr/vimal-sweets-nangloi-new-delhi,Vimal Sweets,Delhi NCR,Good,,,,,,
https://www.zomato.com/kolkata/puchkawala-2-hatibagan,Puchkawala,Kolkata,Good,,,,,,
https://www.zomato.com/ncr/the-royal-food-junction-ambedkar-road-ghaziabad,The Royal Food Junction,Delhi NCR,Good,,,,,,
https://www.zomato.com/ncr/mojos-food-west-patel-nagar-new-delhi,Mojo's Food,Delhi NCR,Good,,,,,,
https://www.zomato.com/ncr/tohfay-walla-sector-72-noida,Tohfay Walla,Delhi NCR,Bad,,,,,,
https://www.zomato.com/mumbai/mayur-restaurant-bar-santacruz-west,Mayur Restaurant & Bar,Mumbai,Bad,,,,,,
https://www.zomato.com/ncr/wat-the-waffle-jail-road-new-delhi,Wat the Waffle,Delhi NCR,Bad,,,,,,
https://www.zomato.com/ncr/pirates-of-punjab-tilak-nagar-new-delhi,Pirates of Punjab,Delhi NCR,Bad,,,,,,
https://www.zomato.com/mumbai/woodz-pizza-andheri-lokhandwala,Woodz Pizza,Mumbai,Good,,,,,,
https://www.zomato.com/ncr/back-to-pavilion-cafe-preet-vihar-new-delhi,Back To Pavilion Cafe,Delhi NCR,Good,,,,,,
https://www.zomato.com/ncr/cherry-berry-gujranwala-town-new-delhi,Cherry Berry,Delhi NCR,Good,,,,,,
https://www.zomato.com/ncr/diggin-chanakyapuri-new-delhi,Diggin,Delhi NCR,Good,,,,,,
https://www.zomato.com/ncr/the-crossings-restaurant-crossing-republik-ghaziabad,The Crossings Restaurant,Delhi NCR,Bad,,,,,,
https://www.zomato.com/ncr/eggers-madhouse-sector-29-gurgaon,Eggers Madhouse,Delhi NCR,Bad,,,,,,
https://www.zomato.com/ncr/dogs-wiches-chittaranjan-park-new-delhi,Dogs & Wiches,Delhi NCR,Bad,,,,,,
https://www.zomato.com/mumbai/the-fitbox-co-sion,The FitBox Co.,Mumbai,Bad,,,,,,
https://www.zomato.com/ncr/chicken-app-inderlok-new-delhi,Chicken App,Delhi NCR,Good,,,,,,
https://www.zomato.com/ncr/kebabs-curries-malviya-nagar-new-delhi,Kebabs & Curries,Delhi NCR,Good,,,,,,
https://www.zomato.com/kolkata/al-rim-ajoy-nagar,Al-Rim,Kolkata,Good,,,,,,
https://www.zomato.com/kolkata/piyali-restaurant-dum-dum,Piyali Restaurant,Kolkata,Good,,,,,,
https://www.zomato.com/ncr/rasoi-1-mahipalpur-new-delhi,Rasoi,Delhi NCR,Bad,,,,,,
https://www.zomato.com/ncr/mr-king-govind-puram-ghaziabad,Mr. King,Delhi NCR,Bad,,,,,,
https://www.zomato.com/ncr/online-cake-palace-vasundhara-enclave-new-delhi,Online Cake Palace,Delhi NCR,Bad,,,,,,
https://www.zomato.com/ncr/thali-king-make-my-thali-sector-20-dwarka-new-delhi,Thali King- Make My Thali,Delhi NCR,Bad,,,,,,
https://www.zomato.com/mumbai/rajubhai-bhurji-wala-borivali-west,Rajubhai Bhurji Wala,Mumbai,Good,,,,,,
https://www.zomato.com/ncr/indian-halal-meat-shop-kamla-nagar-new-delhi,Indian Halal Meat Shop,Delhi NCR,Good,,,,,,
https://www.zomato.com/ncr/new-madras-cafe-shahdara-new-delhi,New Madras Cafe,Delhi NCR,Good,,,,,,
https://www.zomato.com/mumbai/momos-republic-majiwada-thane-west-thane,Momos Republic,Mumbai,Good,,,,,,
https://www.zomato.com/ncr/baleshwar-rasoi-ashok-vihar-new-delhi,Baleshwar Rasoi,Delhi NCR,Bad,,,,,,
https://www.zomato.com/ncr/wafflista-cafe-laxmi-nagar-new-delhi,Wafflista Cafe,Delhi NCR,Bad,,,,,,
https://www.zomato.com/kolkata/rajasthali-tollygunge,Rajasthali,Kolkata,Bad,,,,,,
https://www.zomato.com/mumbai/shree-sai-kulcha-hut-kalyan-thane,Shree Sai Kulcha Hut,Mumbai,Bad,,,,,,
https://www.zomato.com/ncr/new-sethis-restaurant-nehru-nagar-ghaziabad,New Sethi's Restaurant,Delhi NCR,Good,,,,,,
https://www.zomato.com/ncr/diet-brite-shahdara-new-delhi,Diet Brite,Delhi NCR,Good,,,,,,
https://www.zomato.com/ncr/cafe-meals-1-naraina-new-delhi,Cafe Meals,Delhi NCR,Good,,,,,,
https://www.zomato.com/ncr/wrap-roll-karol-bagh-new-delhi,Wrap & Roll,Delhi NCR,Good,,,,,,
https://www.zomato.com/kolkata/lalaji-food-plaza-liluah-howrah,Lalaji Food Plaza,Kolkata,Bad,,,,,,
https://www.zomato.com/ncr/om-sweets-snacks-sector-31-gurgaon,Om Sweets & Snacks,Delhi NCR,Bad,,,,,,
https://www.zomato.com/ncr/hakka-treat-laxmi-nagar-new-delhi,Hakka Treat,Delhi NCR,Bad,,,,,,
https://www.zomato.com/kolkata/m-m-fast-food-center-jadavpur,M M Fast Food Center,Kolkata,Bad,,,,,,
https://www.zomato.com/ncr/desi-chulha-badarpur-border-faridabad,Desi Chulha,Delhi NCR,Good,,,,,,
https://www.zomato.com/ncr/cheers-resto-bar-prashant-vihar-new-delhi,Cheers Resto Bar,Delhi NCR,Good,,,,,,
https://www.zomato.com/ncr/good-food-xpress-bakery-pitampura-new-delhi,Good Food Xpress & Bakery,Delhi NCR,Good,,,,,,
https://www.zomato.com/ncr/delicious-treasure-sector-52-noida,Delicious Treasure,Delhi NCR,Good,,,,,,
https://www.zomato.com/kolkata/thali-junction-new-town,Thali Junction,Kolkata,Bad,,,,,,
https://www.zomato.com/ncr/special-muradabadi-chicken-biryani-jasola-new-delhi,Special Muradabadi Chicken Biryani,Delhi NCR,Bad,,,,,,
https://www.zomato.com/ncr/kitchen-lab-1-vasundhara-ghaziabad,Kitchen Lab,Delhi NCR,Bad,,,,,,
https://www.zomato.com/mumbai/ranis-bakery-malad-west,Rani's Bakery,Mumbai,Bad,,,,,,
https://www.zomato.com/ncr/the-kitchen-exotica-jasola-new-delhi,The Kitchen Exotica,Delhi NCR,Good,,,,,,
https://www.zomato.com/ncr/choco-smith-gourmet-bakery-sheikh-sarai-new-delhi,Choco Smith Gourmet Bakery,Delhi NCR,Good,,,,,,
https://www.zomato.com/ncr/café-bogchi-sector-15-faridabad,Café Bogchi,Delhi NCR,Good,,,,,,
https://www.zomato.com/ncr/song-dong-momos-kathi-roll-sector-31-faridabad,Song Dong Momos & Kathi Roll,Delhi NCR,Good,,,,,,
https://www.zomato.com/ncr/vardaan-food-corner-dlf-phase-3-gurgaon,Vardaan Food Corner,Delhi NCR,Bad,,,,,,
https://www.zomato.com/ncr/chaska-point-shakarpur-new-delhi,Chaska Point,Delhi NCR,Bad,,,,,,
https://www.zomato.com/ncr/chd-chache-di-hatti-vasant-vihar-new-delhi,CHD Chache Di Hatti,Delhi NCR,Bad,,,,,,
https://www.zomato.com/ncr/fabelle-chocolate-boutique-itc-maurya-chanakyapuri-new-delhi,Fabelle Chocolate Boutique - ITC Maurya,Delhi NCR,Bad,,,,,,
https://www.zomato.com/kolkata/the-subtle-baker-dobson-road-howrah,The Subtle Baker,Kolkata,Good,,,,,,
https://www.zomato.com/ncr/frozen-fantasy-safdarjung-new-delhi,Frozen Fantasy,Delhi NCR,Good,,,,,,
https://www.zomato.com/mumbai/thooso-andheri-lokhandwala,Thooso,Mumbai,Good,,,,,,
https://www.zomato.com/mumbai/snickerdoodle-virgin-bar-cafe-ambernath-thane,Snickerdoodle-Virgin Bar & Cafe,Mumbai,Good,,,,,,
https://www.zomato.com/kolkata/rollick-park-street-area,Rollick,Kolkata,Bad,,,,,,
https://www.zomato.com/NaturalsCP,Naturals Ice Cream,Delhi NCR,Bad,,,,,,
https://www.zomato.com/ncr/ghar-jaisa-khana-shahdara-new-delhi,Ghar Jaisa Khana,Delhi NCR,Bad,,,,,,
https://www.zomato.com/kolkata/raja-sweets-kalyani,Raja Sweets,Kolkata,Bad,,,,,,
https://www.zomato.com/ncr/bake-days-janakpuri-new-delhi,Bake-Days,Delhi NCR,Good,,,,,,
https://www.zomato.com/ncr/kerala-cafe-mayur-vihar-new-delhi,Kerala Cafe,Delhi NCR,Good,,,,,,
https://www.zomato.com/ncr/dana-pani-foods-sector-65-noida,Dana Pani Foods,Delhi NCR,Good,,,,,,
https://www.zomato.com/ncr/dil-chinese-fast-food-mg-road-new-delhi,Dil Chinese Fast Food,Delhi NCR,Good,,,,,,
https://www.zomato.com/ncr/richies-cafe-sector-31-faridabad,Richie's Cafe,Delhi NCR,Bad,,,,,,
https://www.zomato.com/ncr/sunil-bakery-vasant-vihar-new-delhi,Sunil Bakery,Delhi NCR,Bad,,,,,,
https://www.zomato.com/ncr/techies-time-to-tea-sector-41-noida,Techies Time to Tea,Delhi NCR,Bad,,,,,,
https://www.zomato.com/ncr/chop-shop-chicken-shop-nit-faridabad,Chop Shop Chicken Shop,Delhi NCR,Bad,,,,,,
https://www.zomato.com/mumbai/shreya-restaurant-bar-wagle-estate-thane-west-thane,Shreya Restaurant & Bar,Mumbai,Good,,,,,,
https://www.zomato.com/ncr/s-p-food-corner-karol-bagh-new-delhi,S P Food Corner,Delhi NCR,Good,,,,,,
https://www.zomato.com/mumbai/asads-cafe-mira-road,Asad's Cafe,Mumbai,Good,,,,,,
https://www.zomato.com/ncr/zaika-muradabadi-chicken-restaurant-lajpat-nagar-2-new-delhi,Zaika Muradabadi Chicken Restaurant,Delhi NCR,Good,,,,,,
https://www.zomato.com/ncr/big-boss-chikan-corner-sector-23-faridabad,Big Boss Chikan Corner,Delhi NCR,Bad,,,,,,
https://www.zomato.com/ncr/burger-box-sarita-vihar-new-delhi,Burger Box,Delhi NCR,Bad,,,,,,
https://www.zomato.com/kolkata/the-ramkrishna-sweets-dum-dum,The Ramkrishna Sweets,Kolkata,Bad,,,,,,
https://www.zomato.com/kolkata/bedouin-sher-e-bengal-gariahat,Bedouin - Sher e Bengal,Kolkata,Bad,,,,,,
https://www.zomato.com/ncr/the-big-chill-cafe-ardee-city-gurgaon,The Big Chill Cafe,Delhi NCR,Good,,,,,,
https://www.zomato.com/ncr/saini-food-place-sector-15-gurgaon,Saini Foods,Delhi NCR,Good,,,,,,
https://www.zomato.com/mumbai/aavakay-kandivali-east,Aavakay,Mumbai,Good,,,,,,
https://www.zomato.com/ncr/apni-rasoi-najafgarh-new-delhi,Apni Rasoi,Delhi NCR,Good,,,,,,
https://www.zomato.com/kolkata/calcutta-chiit-chaat-sector-4-salt-lake,Calcutta Chiit Chaat,Kolkata,Bad,,,,,,
https://www.zomato.com/ncr/madan-sweets-bakers-subhash-nagar-new-delhi,Madan Sweets & Bakers,Delhi NCR,Bad,,,,,,
https://www.zomato.com/ncr/choudhary-food-station-kavi-nagar-ghaziabad,Choudhary  Food Station,Delhi NCR,Bad,,,,,,
https://www.zomato.com/ncr/king-of-food-1-vaishali-ghaziabad,King Of Food,Delhi NCR,Bad,,,,,,
https://www.zomato.com/ncr/awadhi-biryani-rohini-new-delhi,Awadhi Biryani,Delhi NCR,Good,,,,,,
https://www.zomato.com/ncr/guddu-ji-malai-chaap-wale-shastri-nagar-ghaziabad,Guddu Ji Malai Chaap Wale,Delhi NCR,Good,,,,,,
https://www.zomato.com/ncr/la-taj-1-sector-37-faridabad,La Taj,Delhi NCR,Good,,,,,,
https://www.zomato.com/mumbai/tulsa-hotel-kalyan,Tulsa Hotel,Mumbai,Good,,,,,,
https://www.zomato.com/ncr/burgerfi-cafe-sector-62-noida,BurgerFi Cafe,Delhi NCR,Bad,,,,,,
https://www.zomato.com/ncr/grillz-fries-more-subhash-nagar-new-delhi,Grillz Fries & More,Delhi NCR,Bad,,,,,,
https://www.zomato.com/ncr/hometaste-sector-56-gurgaon,Hometaste,Delhi NCR,Bad,,,,,,
https://www.zomato.com/mumbai/amor-churros-panch-pakhadi-thane-west,Amor Churros,Mumbai,Bad,,,,,,
https://www.zomato.com/ncr/the-zaika-king-sector-12-noida,The Zaika King,Delhi NCR,Good,,,,,,
https://www.zomato.com/kolkata/only-for-foodies-serampore,Only For Foodies,Kolkata,Good,,,,,,
https://www.zomato.com/kolkata/cumin-baguihati,Cumin,Kolkata,Good,,,,,,
https://www.zomato.com/mumbai/west-india-co-bar-kitchen-hiranandani-estate-thane-west-thane,West India Co. Bar & Kitchen,Mumbai,Good,,,,,,
https://www.zomato.com/ncr/flavours-of-london-sector-19-dwarka-new-delhi,Flavours of London,Delhi NCR,Bad,,,,,,
https://www.zomato.com/ncr/shri-murli-wala-uttam-nagar-new-delhi,Shri Murli Wala,Delhi NCR,Bad,,,,,,
https://www.zomato.com/ncr/dragonfly-experience-aerocity-new-delhi,Dragonfly Experience,Delhi NCR,Bad,,,,,,
https://www.zomato.com/kolkata/the-foodiez-kidderpore,The Foodiez,Kolkata,Bad,,,,,,
https://www.zomato.com/ncr/arhaan-chicken-corner-chhatarpur-new-delhi,Arhaan Chicken Corner,Delhi NCR,Good,,,,,,
https://www.zomato.com/ncr/the-mad-teapot-the-wishing-chair-shahpur-jat-new-delhi,The Mad Teapot/The Wishing Chair,Delhi NCR,Good,,,,,,
https://www.zomato.com/ncr/bakers-reflection-sector-135-noida,Bakers Reflection,Delhi NCR,Good,,,,,,
https://www.zomato.com/ncr/jai-jagannath-payal-dhaba-mahipalpur-new-delhi,Jai Jagannath Payal Dhaba,Delhi NCR,Good,,,,,,
https://www.zomato.com/ncr/binge-bakery-and-more-sector-50-gurgaon,Binge Bakery And More,Delhi NCR,Bad,,,,,,
https://www.zomato.com/ncr/food-express-uttam-nagar-new-delhi,Food Express,Delhi NCR,Bad,,,,,,
https://www.zomato.com/ncr/punjabi-rasoi-2-uttam-nagar-new-delhi,Punjabi Rasoi,Delhi NCR,Bad,,,,,,
https://www.zomato.com/mumbai/mummas-kitchen-borivali-west,Mumma's Kitchen,Mumbai,Bad,,,,,,
https://www.zomato.com/ncr/balli-machi-wala-1-ashok-vihar-new-delhi,Balli Machi Wala,Delhi NCR,Good,,,,,,
https://www.zomato.com/ncr/bawejas-pizza-xpress-nit-faridabad,Baweja's Pizza Xpress,Delhi NCR,Good,,,,,,
https://www.zomato.com/ncr/shahi-dahi-bhalle-jail-road-new-delhi,Shahi Dahi Bhalle,Delhi NCR,Good,,,,,,
https://www.zomato.com/ncr/aunty-momo-amar-colony-new-delhi,Aunty Momo,Delhi NCR,Good,,,,,,
https://www.zomato.com/mumbai/cla-wadala,CLA,Mumbai,Bad,,,,,,
https://www.zomato.com/kolkata/republic-of-chicken-new-town,Republic Of Chicken,Kolkata,Bad,,,,,,
https://www.zomato.com/ncr/girdharilal-sweets-namkeen-sector-65-noida,Girdharilal Sweets & Namkeen,Delhi NCR,Bad,,,,,,
https://www.zomato.com/ncr/nueva-r-k-puram-new-delhi,Nueva,Delhi NCR,Bad,,,,,,
https://www.zomato.com/kolkata/maa-tara-food-zone-baguihati,Maa Tara Food Zone,Kolkata,Good,,,,,,
https://www.zomato.com/ncr/khalifa-satyaniketan-new-delhi,Khalifa,Delhi NCR,Good,,,,,,
https://www.zomato.com/kolkata/dolphin-restaurant-barasat,Dolphin Restaurant,Kolkata,Good,,,,,,
https://www.zomato.com/ncr/food-plaza-shastri-nagar-ghaziabad,Food Plaza,Delhi NCR,Good,,,,,,
https://www.zomato.com/ncr/firdous-greater-kailash-gk-2-new-delhi,Firdous,Delhi NCR,Bad,,,,,,
https://www.zomato.com/mumbai/ayyappans-the-south-indian-bistro-kharghar-navi-mumbai,Ayyappan's - The South Indian Bistro,Mumbai,Bad,,,,,,
https://www.zomato.com/ncr/the-aroma-of-bengal-sector-83-gurgaon,The Aroma of Bengal,Delhi NCR,Bad,,,,,,
https://www.zomato.com/ncr/sams-bakery-sector-19-faridabad,Sam's Bakery,Delhi NCR,Bad,,,,,,
https://www.zomato.com/ncr/ffc-restaurant-asaf-ali-road-new-delhi,FFC Restaurant,Delhi NCR,Good,,,,,,
https://www.zomato.com/ncr/curry-pot-raj-nagar-ghaziabad,Curry Pot,Delhi NCR,Good,,,,,,
https://www.zomato.com/ncr/chickenation-rohini-new-delhi,Chickenation,Delhi NCR,Good,,,,,,
https://www.zomato.com/ncr/bistro-n-beans-vasundhara-enclave-new-delhi,Bistro N Beans,Delhi NCR,Good,,,,,,
https://www.zomato.com/mumbai/shradda-kalwa,Shradda,Mumbai,Bad,,,,,,
https://www.zomato.com/ncr/picket-lane-sohna-road-gurgaon,Picket Lane,Delhi NCR,Bad,,,,,,
https://www.zomato.com/ncr/sunny-kebab-wala-subhash-nagar-new-delhi,Sunny Kebab Wala,Delhi NCR,Bad,,,,,,
https://www.zomato.com/mumbai/refresh-katta-1-dombivali-east-thane,Refresh Katta,Mumbai,Bad,,,,,,
https://www.zomato.com/kolkata/burmese-bahar-1-barasat,Burmese Bahar,Kolkata,Good,,,,,,
https://www.zomato.com/ncr/chinese-garage-east-of-kailash-new-delhi,Chinese Garage,Delhi NCR,Good,,,,,,
https://www.zomato.com/ncr/sardar-kachori-inderlok-new-delhi,Sardar Kachori,Delhi NCR,Good,,,,,,
https://www.zomato.com/kolkata/hungryy-birdz-1-thakur-pukur,Hungryy Birdz,Kolkata,Good,,,,,,
https://www.zomato.com/ncr/patiala-shahi-chicken-fish-fry-paschim-vihar-new-delhi,Patiala Shahi Chicken & Fish Fry,Delhi NCR,Bad,,,,,,
https://www.zomato.com/kolkata/cake-paradise-2-baguihati,Cake Paradise,Kolkata,Bad,,,,,,
https://www.zomato.com/ncr/smart-cafe-sector-125-noida,Smart Cafe,Delhi NCR,Bad,,,,,,
https://www.zomato.com/ncr/burger-king-saket-new-delhi,Burger King,Delhi NCR,Bad,,,,,,
https://www.zomato.com/ncr/the-great-bowl-of-china-sector-132-noida,The Great Bowl Of China,Delhi NCR,Good,,,,,,
https://www.zomato.com/mumbai/tulsi-kandivali-west,Tulsi,Mumbai,Good,,,,,,
https://www.zomato.com/ncr/anjana-cafe-mg-road-gurgaon,Anjana Cafe,Delhi NCR,Good,,,,,,
https://www.zomato.com/ncr/delivery-panda-vijay-nagar-new-delhi,Delivery Panda,Delhi NCR,Good,,,,,,
https://www.zomato.com/ncr/munna-di-vaishno-rasoi-rohini-new-delhi,Munna Di Vaishno Rasoi,Delhi NCR,Bad,,,,,,
https://www.zomato.com/ncr/roll-x-kalkaji-new-delhi,Roll X,Delhi NCR,Bad,,,,,,
https://www.zomato.com/mumbai/sindhudurg-wagle-estate-thane-west,Sindhudurg,Mumbai,Bad,,,,,,
https://www.zomato.com/ncr/luckys-bakery-and-patisserie-punjabi-bagh-new-delhi,Lucky's Bakery and Patisserie,Delhi NCR,Bad,,,,,,
https://www.zomato.com/ncr/dosae-kalkaji-new-delhi,Dosae,Delhi NCR,Good,,,,,,
https://www.zomato.com/ncr/pizzeria-cafe-indirapuram-ghaziabad,Pizzeria Cafe,Delhi NCR,Good,,,,,,
https://www.zomato.com/ncr/chawla-chick-inn-manesar-gurgaon,Chawla Chick Inn,Delhi NCR,Good,,,,,,
https://www.zomato.com/ncr/cake-point-janakpuri-new-delhi,Cake Point,Delhi NCR,Good,,,,,,
https://www.zomato.com/mumbai/pizza-boys-1-malad-west,Pizza Boys,Mumbai,Bad,,,,,,
https://www.zomato.com/kolkata/ajooba-biryani-junction-garia,Ajooba Biryani Junction,Kolkata,Bad,,,,,,
https://www.zomato.com/kolkata/snack-shack-narendra-pur,Snack Shack,Kolkata,Bad,,,,,,
https://www.zomato.com/ncr/prem-rasoi-dilshad-garden-new-delhi,Prem Rasoi,Delhi NCR,Bad,,,,,,
https://www.zomato.com/ncr/coastal-reef-dlf-phase-4-gurgaon,Coastal Reef,Delhi NCR,Good,,,,,,
https://www.zomato.com/kolkata/the-biryani-darbar-1-new-town,The Biryani Darbar,Kolkata,Good,,,,,,
https://www.zomato.com/ncr/saravana-mess-karol-bagh-new-delhi,Saravana Mess,Delhi NCR,Good,,,,,,
https://www.zomato.com/ncr/a1-food-service-sector-15-dwarka-new-delhi,A1 Food Service,Delhi NCR,Good,,,,,,
https://www.zomato.com/ncr/mcdonalds-sector-18-noida,McDonald's,Delhi NCR,Bad,,,,,,
https://www.zomato.com/mumbai/rajubhai-dhoklawala-kandivali-west,Rajubhai Dhoklawala,Mumbai,Bad,,,,,,
https://www.zomato.com/ncr/duggals-rasoi-defence-colony-new-delhi,Duggal's Rasoi,Delhi NCR,Bad,,,,,,
https://www.zomato.com/ncr/sugar-spice-1-vasant-vihar-new-delhi,Sugar & Spice,Delhi NCR,Bad,,,,,,
https://www.zomato.com/ncr/delish-moti-nagar-new-delhi,Delish,Delhi NCR,Good,,,,,,
https://www.zomato.com/ncr/cherry-bar-the-leela-ambience-convention-hotel-vivek-vihar-new-delhi,Cherry Bar - The Leela Ambience Convention Hotel,Delhi NCR,Good,,,,,,
https://www.zomato.com/ncr/sindhi-meat-chicken-sector-22-dwarka-new-delhi,Sindhi Meat & Chicken,Delhi NCR,Good,,,,,,
https://www.zomato.com/ncr/urban-cuisine-sector-86-faridabad,Urban Cuisine,Delhi NCR,Good,,,,,,
https://www.zomato.com/mumbai/jhama-silver-sweets-kopar-khairane-navi-mumbai,Jhama Silver Sweets,Mumbai,Bad,,,,,,
https://www.zomato.com/ncr/khana-khazana-old-railway-road-gurgaon,Khana Khazana,Delhi NCR,Bad,,,,,,
https://www.zomato.com/ncr/southy-dlf-phase-4-gurgaon,Southy,Delhi NCR,Bad,,,,,,
https://www.zomato.com/ncr/tlc-kitchen-sector-19-dwarka-new-delhi,TLC Kitchen,Delhi NCR,Bad,,,,,,
https://www.zomato.com/kolkata/lucknow-dum-dum,Lucknow,Kolkata,Good,,,,,,
https://www.zomato.com/ncr/nimtho-greater-kailash-gk-1-new-delhi,Nimtho,Delhi NCR,Good,,,,,,
https://www.zomato.com/mumbai/the-cone-factory-fort,The Cone Factory,Mumbai,Good,,,,,,
https://www.zomato.com/kolkata/the-artistic-desserts-baguihati,The Artistic Desserts,Kolkata,Good,,,,,,
https://www.zomato.com/ncr/cocoaaahhh-greater-kailash-gk-1-new-delhi,Cocoaaahhh,Delhi NCR,Bad,,,,,,
https://www.zomato.com/kolkata/the-ahare-bahare-kitchen-behala,The Ahare Bahare Kitchen,Kolkata,Bad,,,,,,
https://www.zomato.com/ncr/chawla-express-1-mukherjee-nagar-new-delhi,Chawla Express,Delhi NCR,Bad,,,,,,
https://www.zomato.com/ncr/raju-grill-sector-11-faridabad,Raju Grill,Delhi NCR,Bad,,,,,,
https://www.zomato.com/ncr/dear-donna-qutab-institutional-area-new-delhi,Dear Donna,Delhi NCR,Good,,,,,,
https://www.zomato.com/ncr/greasy-spoon-cafe-sector-81-faridabad,Greasy Spoon Cafe,Delhi NCR,Good,,,,,,
https://www.zomato.com/ncr/yo-munching-sector-7-gurgaon,Yo Munching,Delhi NCR,Good,,,,,,
https://www.zomato.com/ncr/amritsari-express-sector-53-gurgaon,Amritsari Express,Delhi NCR,Good,,,,,,
https://www.zomato.com/ncr/chutney-dlite-saket-new-delhi,Chutney D'Lite,Delhi NCR,Bad,,,,,,
https://www.zomato.com/mumbai/nanuji-by-nanumal-bhojraj-kharghar-navi-mumbai,Nanuji- By Nanumal Bhojraj,Mumbai,Bad,,,,,,
https://www.zomato.com/ncr/yam-food-point-sector-14-gurgaon,Yam Food Point,Delhi NCR,Bad,,,,,,
https://www.zomato.com/ncr/the-burger-week-mayapuri-new-delhi,The Burger Week,Delhi NCR,Bad,,,,,,
https://www.zomato.com/ncr/shahenshah-sector-51-noida,Shahenshah,Delhi NCR,Good,,,,,,
https://www.zomato.com/mumbai/orange-and-chilli-biryani-1-chembur,Orange And Chilli Biryani,Mumbai,Good,,,,,,
https://www.zomato.com/ncr/dear-chocolate-lajpat-nagar-2-new-delhi,Dear Chocolate,Delhi NCR,Good,,,,,,
https://www.zomato.com/ncr/wakhra-swag-by-mafia-kitchen-sector-27-noida,Wakhra Swag By Mafia Kitchen,Delhi NCR,Good,,,,,,
https://www.zomato.com/kolkata/ghare-baire-hazra,Ghare Baire,Kolkata,Bad,,,,,,
https://www.zomato.com/kolkata/time-pass-khardah,TIME PASS,Kolkata,Bad,,,,,,
https://www.zomato.com/ncr/night-out-cafe-shalimar-bagh-new-delhi,Night Out cafe,Delhi NCR,Bad,,,,,,
https://www.zomato.com/mumbai/damru-paan-shop-borivali-west,Damru Paan Shop,Mumbai,Bad,,,,,,
https://www.zomato.com/kolkata/gujrati-basa-1-bara-bazar,Gujrati Basa,Kolkata,Good,,,,,,
https://www.zomato.com/ncr/punjabi-rasoi-1-dlf-phase-3-gurgaon,Punjabi Rasoi,Delhi NCR,Good,,,,,,
https://www.zomato.com/ncr/om-bakers-azadpur-new-delhi,Om Bakers,Delhi NCR,Good,,,,,,
https://www.zomato.com/ncr/cafe-youth-vasundhara-enclave-new-delhi,Cafe Youth,Delhi NCR,Good,,,,,,
https://www.zomato.com/ncr/hotel-white-castle-sector-93-noida,Hotel White Castle,Delhi NCR,Bad,,,,,,
https://www.zomato.com/ncr/modi-bakery-1-jangpura-new-delhi,Modi Bakery,Delhi NCR,Bad,,,,,,
https://www.zomato.com/ncr/manjeet-chicken-centre-mukherjee-nagar-new-delhi,Manjeet Chicken Centre,Delhi NCR,Bad,,,,,,
https://www.zomato.com/mumbai/new-airport-restaurant-marol,New Airport Restaurant,Mumbai,Bad,,,,,,
https://www.zomato.com/ncr/cafe-rendezvous-malviya-nagar-new-delhi,Cafe Rendezvous,Delhi NCR,Good,,,,,,
https://www.zomato.com/ncr/the-burger-homes-sector-31-gurgaon,The Burger Homes,Delhi NCR,Good,,,,,,
https://www.zomato.com/ncr/my-bar-headquarters-connaught-place-new-delhi,My Bar Headquarters,Delhi NCR,Good,,,,,,
https://www.zomato.com/mumbai/karan-momos-corner-ulhasnagar-thane,Karan Momos Corner,Mumbai,Good,,,,,,
https://www.zomato.com/ncr/juice-bar-rohini-new-delhi,Juice Bar,Delhi NCR,Bad,,,,,,
https://www.zomato.com/ncr/oye-hotdogs-kalkaji-new-delhi,Oye Hotdogs,Delhi NCR,Bad,,,,,,
https://www.zomato.com/ncr/tasty-place-uttam-nagar-new-delhi,Tasty Place,Delhi NCR,Bad,,,,,,
https://www.zomato.com/ncr/zoe-sector-23-gurgaon,Zoe,Delhi NCR,Bad,,,,,,
https://www.zomato.com/kolkata/heart-bites-baghajatin,Heart Bites,Kolkata,Good,,,,,,
https://www.zomato.com/ncr/candle-heart-restaurant-3-pratap-vihar-ghaziabad,Candle Heart Restaurant,Delhi NCR,Good,,,,,,
https://www.zomato.com/ncr/teens-cafe-fast-food-preet-vihar-new-delhi,Teens Cafe Fast Food,Delhi NCR,Good,,,,,,
https://www.zomato.com/kolkata/o-zone-restaurant-bar-baguihati,O Zone Restaurant & Bar,Kolkata,Good,,,,,,
https://www.zomato.com/ncr/sesame-street-wok-dis-way-shastri-nagar-ghaziabad,Sesame Street Wok Dis Way,Delhi NCR,Bad,,,,,,
https://www.zomato.com/mumbai/tingly-vingly-lower-parel,Tingly Vingly,Mumbai,Bad,,,,,,
https://www.zomato.com/kolkata/the-royal-spice-sodepur,The Royal Spice,Kolkata,Bad,,,,,,
https://www.zomato.com/ncr/park-balluchi-1-sector-72-noida,Park Balluchi,Delhi NCR,Bad,,,,,,
https://www.zomato.com/ncr/vaishus-noodles-sector-57-gurgaon,Vaishu's Noodles,Delhi NCR,Good,,,,,,
https://www.zomato.com/ncr/jai-mata-di-fast-food-corner-chander-nagar-new-delhi,Jai Mata Di Fast Food Corner,Delhi NCR,Good,,,,,,
https://www.zomato.com/ncr/omelettes-a-multi-cuisine-restaurant-rajendra-place-new-delhi,Omelettes A Multi Cuisine Restaurant,Delhi NCR,Good,,,,,,
https://www.zomato.com/ncr/pahalwan-da-dhaba-old-railway-road-gurgaon,Pahalwan Da Dhaba,Delhi NCR,Good,,,,,,
https://www.zomato.com/ncr/shree-bikaner-sweets-new-friends-colony-new-delhi,Shree Bikaner Sweets,Delhi NCR,Bad,,,,,,
https://www.zomato.com/mumbai/lakeside-nalasopara,Lakeside,Mumbai,Bad,,,,,,
https://www.zomato.com/ncr/haldirams-connaught-place-new-delhi,Haldiram's,Delhi NCR,Bad,,,,,,
https://www.zomato.com/mumbai/noorani-restaurant-mumbra,Noorani Restaurant,Mumbai,Bad,,,,,,
https://www.zomato.com/ncr/prince-misthaan-cafe-khanpur-new-delhi,Prince Misthaan cafe,Delhi NCR,Good,,,,,,
https://www.zomato.com/ncr/a-k-foods-crossing-republik-ghaziabad,A K Foods,Delhi NCR,Good,,,,,,
https://www.zomato.com/ncr/the-tasty-bakers-confectioners-sector-72-noida,The Tasty Bakers & Confectioners,Delhi NCR,Good,,,,,,
https://www.zomato.com/kolkata/classic-snacks-baguihati,Classic Snacks,Kolkata,Good,,,,,,
https://www.zomato.com/ncr/tobasco-kitchen-dlf-phase-3-gurgaon,Tobasco Kitchen,Delhi NCR,Bad,,,,,,
https://www.zomato.com/kolkata/blossom-food-plaza-liluah-howrah,Blossom Food Plaza,Kolkata,Bad,,,,,,
https://www.zomato.com/ncr/the-courtyard-cafe-sector-125-noida,The Courtyard Cafe,Delhi NCR,Bad,,,,,,
https://www.zomato.com/kolkata/green-pepper-belur-howrah,Green Pepper,Kolkata,Bad,,,,,,
https://www.zomato.com/ncr/urban-tandoor-sector-31-gurgaon,Urban Tandoor,Delhi NCR,Good,,,,,,
https://www.zomato.com/ncr/chobdar-express-sector-7-dwarka-new-delhi,Chobdar Express,Delhi NCR,Good,,,,,,
https://www.zomato.com/ncr/aanyas-amritsari-nutri-kulcha-sector-56-gurgaon,Aanya’s Amritsari Nutri Kulcha,Delhi NCR,Good,,,,,,
https://www.zomato.com/ncr/standard-ice-cream-shalimar-bagh-delhi,Standard Ice Cream,Delhi NCR,Good,,,,,,
https://www.zomato.com/ncr/foodiejuana-tughlakabad-new-delhi,Foodiejuana,Delhi NCR,Bad,,,,,,
https://www.zomato.com/mumbai/creamy-nuts-1-nerul-navi-mumbai,Creamy Nuts,Mumbai,Bad,,,,,,
https://www.zomato.com/ncr/late-lateefe-preet-vihar-new-delhi,Late Lateefe,Delhi NCR,Bad,,,,,,
https://www.zomato.com/ncr/ishan-fast-food-rohini-new-delhi,Ishan Fast Food,Delhi NCR,Bad,,,,,,
https://www.zomato.com/ncr/baby-got-bacon-sector-51-noida,Baby Got Bacon,Delhi NCR,Good,,,,,,
https://www.zomato.com/mumbai/parathas-powai,Paratha's,Mumbai,Good,,,,,,
https://www.zomato.com/mumbai/new-bismillah-caterers-airoli-navi-mumbai,New Bismillah Caterers,Mumbai,Good,,,,,,
https://www.zomato.com/ncr/duke-of-food-malviya-nagar-new-delhi,Duke of Food,Delhi NCR,Good,,,,,,
https://www.zomato.com/kolkata/kishan-cafe-bara-bazar,Kishan Cafe,Kolkata,Bad,,,,,,
https://www.zomato.com/ncr/ama-cafe-majnu-ka-tila-new-delhi,AMA Cafe,Delhi NCR,Bad,,,,,,
https://www.zomato.com/ncr/new-delhi-metro-food-plaza-chawri-bazar-new-delhi,New Delhi Metro Food Plaza,Delhi NCR,Bad,,,,,,
https://www.zomato.com/ncr/peppers-pipes-pitampura-new-delhi,Peppers & Pipes,Delhi NCR,Bad,,,,,,
https://www.zomato.com/ncr/hariram-sweets-azadpur-new-delhi,Hariram Sweets,Delhi NCR,Good,,,,,,
https://www.zomato.com/kolkata/ashoka-bar-restaurant-esplanade,Ashoka Bar & Restaurant,Kolkata,Good,,,,,,
https://www.zomato.com/kolkata/new-royal-biryani-behala,New Royal Biryani,Kolkata,Good,,,,,,
https://www.zomato.com/ncr/woods-cafe-mohan-nagar-ghaziabad,Woods Cafe,Delhi NCR,Good,,,,,,
https://www.zomato.com/ncr/just-coffee-more-munirka-new-delhi,Just Coffee & More,Delhi NCR,Bad,,,,,,
https://www.zomato.com/ncr/hot-spot-pizza-raj-nagar-ghaziabad,Hot Spot Pizza,Delhi NCR,Bad,,,,,,
https://www.zomato.com/ncr/chacha-chaudhary-junction-rohini-new-delhi,Chacha Chaudhary Junction,Delhi NCR,Bad,,,,,,
https://www.zomato.com/ncr/hari-om-bhojanalaya-vijay-nagar-new-delhi,Hari Om Bhojanalaya,Delhi NCR,Bad,,,,,,
https://www.zomato.com/mumbai/aaps-3square-kamothe-navi-mumbai,AAPS 3SQUARE,Mumbai,Good,,,,,,
https://www.zomato.com/ncr/r-k-dhaba-sector-72-noida,R.K. Dhaba,Delhi NCR,Good,,,,,,
https://www.zomato.com/ncr/crunchy-street-raj-nagar-ghaziabad,Crunchy Street,Delhi NCR,Good,,,,,,
https://www.zomato.com/ncr/tian-asian-cuisine-studio-itc-maurya-chanakyapuri-new-delhi,Tian - Asian Cuisine Studio - ITC Maurya,Delhi NCR,Good,,,,,,
https://www.zomato.com/mumbai/khane-khas-pali-hill-bandra-west,Khane Khas,Mumbai,Bad,,,,,,
https://www.zomato.com/ncr/36-china-town-rohini-new-delhi,36 China Town,Delhi NCR,Bad,,,,,,
https://www.zomato.com/kolkata/the-albelas-kitchen-1-andul-road-howrah,The Albela's Kitchen,Kolkata,Bad,,,,,,
https://www.zomato.com/ncr/j-j-delicacies-sector-15-gurgaon,J J Delicacies,Delhi NCR,Bad,,,,,,
https://www.zomato.com/ncr/the-roll-xpress-shakarpur-new-delhi,The Roll Xpress,Delhi NCR,Good,,,,,,
https://www.zomato.com/ncr/bang-bang-cafe-janakpuri-new-delhi,Bang Bang Cafe,Delhi NCR,Good,,,,,,
https://www.zomato.com/ncr/sukoon-the-cafe-sector-35-faridabad,Sukoon - The Cafe,Delhi NCR,Good,,,,,,
https://www.zomato.com/mumbai/1tablespoon-italian-ice-cream-matunga-east,1Tablespoon Italian Ice Cream,Mumbai,Good,,,,,,
https://www.zomato.com/ncr/banter-rajinder-nagar-new-delhi,Banter,Delhi NCR,Bad,,,,,,
https://www.zomato.com/kolkata/duke-bar-restaurant-chandni-chowk,Duke Bar & Restaurant,Kolkata,Bad,,,,,,
https://www.zomato.com/kolkata/chai-addaa-prince-anwar-shah-road,Chai Addaa,Kolkata,Bad,,,,,,
https://www.zomato.com/ncr/my-tasty-corn-nehru-nagar-ghaziabad,My Tasty Corn,Delhi NCR,Bad,,,,,,
https://www.zomato.com/ncr/badami-sweet-restaurant-zeta-1-greater-noida,Badami Sweet & Restaurant,Delhi NCR,Good,,,,,,
https://www.zomato.com/ncr/lazeez-chicken-rohini-new-delhi,Lazeez Chicken,Delhi NCR,Good,,,,,,
https://www.zomato.com/ncr/bhookkam-sainik-farms-new-delhi,Bhookkam,Delhi NCR,Good,,,,,,
https://www.zomato.com/mumbai/neel-ki-biryani-marol,Neel Ki Biryani,Mumbai,Good,,,,,,
https://www.zomato.com/ncr/ganesh-bikanerwala-1-ambedkar-road-ghaziabad,Ganesh Bikanerwala,Delhi NCR,Bad,,,,,,
https://www.zomato.com/ncr/hungry-ninja-kirti-nagar-new-delhi,Hungry Ninja,Delhi NCR,Bad,,,,,,
https://www.zomato.com/ncr/bhushan-cake-shop-shahdara-new-delhi,Bhushan Cake Shop,Delhi NCR,Bad,,,,,,
https://www.zomato.com/ncr/bengal-sweet-corner-safdarjung-new-delhi,Bengal Sweet Corner,Delhi NCR,Bad,,,,,,
https://www.zomato.com/ncr/good-food-innovations-llp-sector-63-noida,Good Food Innovations LLP,Delhi NCR,Good,,,,,,
https://www.zomato.com/mumbai/ammeez-kitchen-marol,Ammeez Kitchen,Mumbai,Good,,,,,,
https://www.zomato.com/kolkata/shahi-mahal-restaurant-kidderpore,Shahi Mahal Restaurant,Kolkata,Good,,,,,,
https://www.zomato.com/ncr/south-delhi-chicken-corner-sheikh-sarai-new-delhi,South Delhi Chicken Corner,Delhi NCR,Good,,,,,,
https://www.zomato.com/ncr/sunny-sweets-dlf-phase-1-gurgaon,Sunny Sweets,Delhi NCR,Bad,,,,,,
https://www.zomato.com/ncr/j-vs-fried-chicken-uttam-nagar-new-delhi,J V's Fried Chicken,Delhi NCR,Bad,,,,,,
https://www.zomato.com/ncr/barbeque-nation-connaught-place-new-delhi,Barbeque Nation,Delhi NCR,Bad,,,,,,
https://www.zomato.com/ncr/i-h-o-b-indian-house-of-biryani-sector-110-noida,I.H.O.B - Indian House of Biryani,Delhi NCR,Bad,,,,,,
https://www.zomato.com/ncr/chinese-cuisine-nehru-nagar-ghaziabad,Chinese Cuisine,Delhi NCR,Good,,,,,,
https://www.zomato.com/mumbai/cafe-istaa-sion,Cafe Istaa,Mumbai,Good,,,,,,
https://www.zomato.com/kolkata/pepsi-snacks-bar-new-market-area,Pepsi Snacks Bar,Kolkata,Good,,,,,,
https://www.zomato.com/kolkata/leafy-affaire-theatre-road,Leafy Affaire,Kolkata,Good,,,,,,
https://www.zomato.com/ncr/masala-mix-vasant-vihar-new-delhi,Masala Mix,Delhi NCR,Bad,,,,,,
https://www.zomato.com/ncr/jugnu-chaap-rohini-new-delhi,Jugnu Chaap,Delhi NCR,Bad,,,,,,
https://www.zomato.com/mumbai/kitchens-by-srr-masala-near-andheri-east-station,Kitchens By SRR Masala,Mumbai,Bad,,,,,,
https://www.zomato.com/ncr/wake-up-cafe-malviya-nagar-new-delhi,Wake Up Cafe,Delhi NCR,Bad,,,,,,
https://www.zomato.com/ncr/royal-bakers-nangloi-new-delhi,Royal Bakers,Delhi NCR,Good,,,,,,
https://www.zomato.com/ncr/bro-cake-dlf-phase-4-gurgaon,Bro Cake,Delhi NCR,Good,,,,,,
https://www.zomato.com/ncr/noida-chinese-hut-sector-45-noida,Noida Chinese Hut,Delhi NCR,Good,,,,,,
https://www.zomato.com/kolkata/royal-fast-food-hub-konnagar,Royal Fast Food Hub,Kolkata,Good,,,,,,
https://www.zomato.com/ncr/new-raj-dairy-krishna-nagar-new-delhi,New Raj Dairy,Delhi NCR,Bad,,,,,,
https://www.zomato.com/ncr/pishoriya-vegetarian-dhaba-punjabi-bagh-new-delhi,Pishoriya Vegetarian Dhaba,Delhi NCR,Bad,,,,,,
https://www.zomato.com/ncr/ambarsaria-ramprastha-ghaziabad,Ambarsaria,Delhi NCR,Bad,,,,,,
https://www.zomato.com/mumbai/malvan-kinara-chembur,Malvan Kinara,Mumbai,Bad,,,,,,
https://www.zomato.com/ncr/kerala-kingdom-of-dreams-sector-29-gurgaon,Kerala - Kingdom of Dreams,Delhi NCR,Good,,,,,,
https://www.zomato.com/kolkata/new-arsalan-biryani-rishra,New Arsalan Biryani,Kolkata,Good,,,,,,
https://www.zomato.com/ncr/sana-egg-roll-munirka-new-delhi,Sana Egg Roll,Delhi NCR,Good,,,,,,
https://www.zomato.com/ncr/brew-sixteen-dlf-phase-2-gurgaon,Brew Sixteen,Delhi NCR,Good,,,,,,
https://www.zomato.com/kolkata/lobby-bar-zone-by-the-park-new-town,Lobby Bar - Zone By The Park,Kolkata,Bad,,,,,,
https://www.zomato.com/ncr/ishu-paan-sector-72-noida,Ishu Paan,Delhi NCR,Bad,,,,,,
https://www.zomato.com/ncr/chaat-chobara-mg-road-gurgaon,Chaat Chobara,Delhi NCR,Bad,,,,,,
https://www.zomato.com/mumbai/new-modern-cafe-dombivali-east,New Modern Cafe,Mumbai,Bad,,,,,,
https://www.zomato.com/ncr/mishtis-kitchen-sector-51-noida,Mishti's Kitchen,Delhi NCR,Good,,,,,,
https://www.zomato.com/ncr/anjali-resaturant-vasundhara-enclave-new-delhi,Anjali Resaturant,Delhi NCR,Good,,,,,,
https://www.zomato.com/ncr/yummy-in-tummy-indirapuram-ghaziabad,Yummy In Tummy,Delhi NCR,Good,,,,,,
https://www.zomato.com/ncr/rajinder-da-dhaba-safdarjung-new-delhi,Rajinder Da Dhaba,Delhi NCR,Good,,,,,,
https://www.zomato.com/ncr/jia-moms-rajouri-garden-new-delhi,Jia Mom's,Delhi NCR,Bad,,,,,,
https://www.zomato.com/ncr/om-vati-sweet-sector-39-gurgaon,Om Vati Sweet,Delhi NCR,Bad,,,,,,
https://www.zomato.com/mumbai/little-loco-pops-malad-west,Little Loco Pops,Mumbai,Bad,,,,,,
https://www.zomato.com/ncr/gravies-hauz-khas-new-delhi,Gravies,Delhi NCR,Bad,,,,,,
https://www.zomato.com/ncr/asharam-foods-1-chandni-chowk-new-delhi,Asharam Foods,Delhi NCR,Good,,,,,,
https://www.zomato.com/kolkata/bell-pepper-khardah,Bell Pepper,Kolkata,Good,,,,,,
https://www.zomato.com/ncr/rapture-vivek-vihar-new-delhi,Rapture,Delhi NCR,Good,,,,,,
https://www.zomato.com/mumbai/kamaluddin-restaurant-byculla,Kamaluddin Restaurant,Mumbai,Good,,,,,,
https://www.zomato.com/ncr/anju-restaurant-munirka-new-delhi,Anju Restaurant,Delhi NCR,Bad,,,,,,
https://www.zomato.com/ncr/choudhary-gohana-famous-jalebi-old-railway-road-gurgaon,Choudhary Gohana Famous Jalebi,Delhi NCR,Bad,,,,,,
https://www.zomato.com/ncr/dmomo-factory-pitampura-new-delhi,D'Momo Factory,Delhi NCR,Bad,,,,,,
https://www.zomato.com/kolkata/new-town-bakery-1-chinar-park,New Town Bakery,Kolkata,Bad,,,,,,
https://www.zomato.com/ncr/bowl-baby-bowl-sector-21-gurgaon,Bowl Baby Bowl,Delhi NCR,Good,,,,,,
https://www.zomato.com/ncr/lazeez-chicken-corner-vasundhara-enclave-new-delhi,Lazeez Chicken Corner,Delhi NCR,Good,,,,,,
https://www.zomato.com/kolkata/fabelle-exquisite-chocolates-ballygunge,Fabelle Exquisite Chocolates,Kolkata,Good,,,,,,
https://www.zomato.com/ncr/bunooro-barbeque-2-najafgarh-new-delhi,Bunooro Barbeque,Delhi NCR,Good,,,,,,
https://www.zomato.com/mumbai/nawab-seekh-corner-mohammad-ali-road,Nawab Seekh Corner,Mumbai,Bad,,,,,,
https://www.zomato.com/ncr/vrindas-food-shahdara-new-delhi,Vrinda's Food,Delhi NCR,Bad,,,,,,
https://www.zomato.com/ncr/dons-den-netaji-subhash-place-new-delhi,Don's Den,Delhi NCR,Bad,,,,,,
https://www.zomato.com/mumbai/hotel-ambika-pure-veg-dombivali-east,Hotel Ambika Pure Veg,Mumbai,Bad,,,,,,
https://www.zomato.com/ncr/chowpati-sector-34-noida,Chowpati,Delhi NCR,Good,,,,,,
https://www.zomato.com/ncr/lust-by-the-pool-radisson-blu-kaushambi-delhi-ncr-kaushambi-ghaziabad,Lust By The Pool - Radisson Blu Kaushambi Delhi NCR,Delhi NCR,Good,,,,,,
https://www.zomato.com/ncr/ksc-vikaspuri-new-delhi,KSC,Delhi NCR,Good,,,,,,
https://www.zomato.com/ncr/bukhara-itc-maurya-chanakyapuri-new-delhi,Bukhara - ITC Maurya,Delhi NCR,Good,,,,,,
https://www.zomato.com/kolkata/zaiqa-mediterranean-and-asian-cuisine-park-street-area,Zaiqa Mediterranean And Asian Cuisine,Kolkata,Bad,,,,,,
https://www.zomato.com/ncr/jayka-the-restaurant-indirapuram-ghaziabad,Jayka The Restaurant,Delhi NCR,Bad,,,,,,
https://www.zomato.com/mumbai/lorretas-sweet-inspirations-vasai,Lorreta's Sweet Inspirations,Mumbai,Bad,,,,,,
https://www.zomato.com/ncr/kushal-ki-rasoi-munirka-new-delhi,Kushal Ki Rasoi,Delhi NCR,Bad,,,,,,
https://www.zomato.com/ncr/aashirwad-mayur-vihar-new-delhi,Aashirwad,Delhi NCR,Good,,,,,,
https://www.zomato.com/kolkata/jadukadai-konnagar,Jadukadai,Kolkata,Good,,,,,,
https://www.zomato.com/ncr/shri-ram-bhojnalaya-mukherjee-nagar-new-delhi,Shri Ram Bhojnalaya,Delhi NCR,Good,,,,,,
https://www.zomato.com/ncr/royal-cafe-sector-45-noida,Royal Cafe,Delhi NCR,Good,,,,,,
https://www.zomato.com/ncr/the-friendz-pizza-nit-faridabad,The Friendz Pizza,Delhi NCR,Bad,,,,,,
https://www.zomato.com/kolkata/ug-cafe-bar-hhi-elgin,UG Cafe Bar - HHI,Kolkata,Bad,,,,,,
https://www.zomato.com/ncr/mirch-the-multicuisine-alpha-1-greater-noida,Mirch The Multicuisine,Delhi NCR,Bad,,,,,,
https://www.zomato.com/ncr/asia-dilshad-garden-new-delhi,Asia,Delhi NCR,Bad,,,,,,
https://www.zomato.com/ncr/the-pavors-janakpuri-new-delhi,The Pavor's,Delhi NCR,Good,,,,,,
https://www.zomato.com/ncr/paramjeet-machi-wala-moti-nagar-new-delhi,Paramjeet Machi Wala,Delhi NCR,Good,,,,,,
https://www.zomato.com/ncr/mathurs-kitchen-1-dilshad-garden-new-delhi,Mathur's Kitchen,Delhi NCR,Good,,,,,,
